{
  "devices": {
    "0": {
      "cpu_speed": 128.4856699614471,
      "memory_capacity": 2043.768821639667,
      "bandwidth": 512.5146591845596,
      "privacy_clearance": 0,
      "trust_score": 0.7246045231419268,
      "energy_init": 8215.974157702898
    },
    "1": {
      "cpu_speed": 115.98844821312859,
      "memory_capacity": 2179.3665583001384,
      "bandwidth": 745.3338723338379,
      "privacy_clearance": 0,
      "trust_score": 0.6390953541153314,
      "energy_init": 5873.7831399724655
    },
    "2": {
      "cpu_speed": 127.262312811226,
      "memory_capacity": 2055.6196890931215,
      "bandwidth": 421.8476199307962,
      "privacy_clearance": 2,
      "trust_score": 0.934650160396467,
      "energy_init": 11456.06760419712
    },
    "3": {
      "cpu_speed": 125.13388220258406,
      "memory_capacity": 2046.4379469467613,
      "bandwidth": 474.4188253433242,
      "privacy_clearance": 3,
      "trust_score": 0.8794036835648836,
      "energy_init": 5551.601386549207
    },
    "4": {
      "cpu_speed": 118.01101555101741,
      "memory_capacity": 3031.2149467828403,
      "bandwidth": 779.7152283389132,
      "privacy_clearance": 1,
      "trust_score": 0.579829658188445,
      "energy_init": 7052.24796984965
    },
    "5": {
      "cpu_speed": 131.47018417824418,
      "memory_capacity": 2279.4038036595575,
      "bandwidth": 586.3071990767513,
      "privacy_clearance": 1,
      "trust_score": 0.7113071990767512,
      "energy_init": 9400.478596461104
    },
    "6": {
      "cpu_speed": 116.38698749529453,
      "memory_capacity": 3675.1228763618665,
      "bandwidth": 543.2972725563134,
      "privacy_clearance": 3,
      "trust_score": 0.6389356708358209,
      "energy_init": 11198.162235557647
    },
    "7": {
      "cpu_speed": 121.99818251593344,
      "memory_capacity": 2628.2139158481,
      "bandwidth": 546.9778612394855,
      "privacy_clearance": 0,
      "trust_score": 0.6076568810537943,
      "energy_init": 7531.445183168836
    },
    "8": {
      "cpu_speed": 132.6782068318595,
      "memory_capacity": 3277.0306267141814,
      "bandwidth": 643.1140457273502,
      "privacy_clearance": 3,
      "trust_score": 0.8817470645032619,
      "energy_init": 6346.020131796619
    },
    "9": {
      "cpu_speed": 114.47000495196144,
      "memory_capacity": 2513.0619924624125,
      "bandwidth": 689.3198997472217,
      "privacy_clearance": 3,
      "trust_score": 0.5511051382599244,
      "energy_init": 5486.886041766186
    },
    "10": {
      "cpu_speed": 126.93380363141905,
      "memory_capacity": 3233.000713376116,
      "bandwidth": 397.91219182783107,
      "privacy_clearance": 0,
      "trust_score": 0.6899636503186687,
      "energy_init": 9628.84322997397
    },
    "11": {
      "cpu_speed": 131.8267085197173,
      "memory_capacity": 3724.137661156326,
      "bandwidth": 802.6588605075734,
      "privacy_clearance": 3,
      "trust_score": 0.6794896902423142,
      "energy_init": 10411.478385520844
    },
    "12": {
      "cpu_speed": 122.00315562597915,
      "memory_capacity": 2793.468029144762,
      "bandwidth": 792.0552133203751,
      "privacy_clearance": 3,
      "trust_score": 0.6719778612394856,
      "energy_init": 11896.550644625304
    },
    "13": {
      "cpu_speed": 121.75452417792206,
      "memory_capacity": 2366.6373038501033,
      "bandwidth": 508.48891102455667,
      "privacy_clearance": 3,
      "trust_score": 0.6322604336110065,
      "energy_init": 10987.224047106029
    },
    "14": {
      "cpu_speed": 127.72827514167471,
      "memory_capacity": 2299.49263434667,
      "bandwidth": 739.5633989751747,
      "privacy_clearance": 3,
      "trust_score": 0.5217252214615486,
      "energy_init": 11065.385667286888
    }
  }
}