{
  "seeds": [
    42,
    55,
    66,
    77,
    88
  ],
  "episodes_per_seed": 50,
  "per_agent": {
    "0": {
      "model_type": "simplecnn",
      "episodes": 250,
      "success_rate": 71.6,
      "avg_latency": 0.13731451789701868,
      "avg_t_comp": 0.09557701039411003,
      "avg_t_comm": 0.04173750750290864,
      "device_counts": {
        "3": 250,
        "2": 481,
        "0": 148,
        "4": 229
      },
      "fail_reasons": {
        "memory": 71
      }
    },
    "1": {
      "model_type": "deepcnn",
      "episodes": 250,
      "success_rate": 74.8,
      "avg_latency": 0.2265736549385957,
      "avg_t_comp": 0.1751351200560818,
      "avg_t_comm": 0.05143853488251385,
      "device_counts": {
        "1": 50,
        "2": 436,
        "3": 200,
        "4": 337,
        "0": 101
      },
      "fail_reasons": {
        "memory": 63
      }
    },
    "2": {
      "model_type": "miniresnet",
      "episodes": 250,
      "success_rate": 73.6,
      "avg_latency": 0.2790612305590785,
      "avg_t_comp": 0.2031550884925867,
      "avg_t_comm": 0.07590614206649181,
      "device_counts": {
        "1": 50,
        "0": 101,
        "2": 433,
        "4": 184,
        "3": 350
      },
      "fail_reasons": {
        "memory": 66
      }
    }
  }
}