{
  "algo": "QMIX",
  "episodes": 50,
  "shuffle_allocation_order": true,
  "seed_base": 10000,
  "per_agent": {
    "0": {
      "model_type": "simplecnn",
      "episodes": 50,
      "success_rate": 94.0,
      "avg_t_comp": 0.09338719936556887,
      "avg_t_comm": 0.03197900120128023,
      "avg_latency": 0.1253662005668491,
      "device_counts": {
        "3": 73,
        "1": 75,
        "0": 60,
        "2": 33,
        "4": 5
      },
      "fail_reasons": {
        "memory": 3
      }
    },
    "1": {
      "model_type": "deepcnn",
      "episodes": 50,
      "success_rate": 100.0,
      "avg_t_comp": 0.1748855500619423,
      "avg_t_comm": 0.039807254278961667,
      "avg_latency": 0.214692804340904,
      "device_counts": {
        "3": 61,
        "4": 71,
        "0": 48,
        "2": 50,
        "1": 16
      },
      "fail_reasons": {}
    },
    "2": {
      "model_type": "miniresnet",
      "episodes": 50,
      "success_rate": 98.0,
      "avg_t_comp": 0.1890708504197623,
      "avg_t_comm": 0.06289118387641432,
      "avg_latency": 0.2519620342961766,
      "device_counts": {
        "3": 76,
        "4": 75,
        "1": 63,
        "2": 23,
        "0": 9
      },
      "fail_reasons": {
        "memory": 1
      }
    }
  },
  "team": {
    "success_rate": 92.0,
    "return_mean": -14.304247837627777,
    "return_std": 45.193501285495884,
    "episode_steps_mean": 4.92
  }
}