{
  "algo": "VDN",
  "episodes": 3,
  "shuffle_allocation_order": true,
  "seed_base": 10000,
  "per_agent": {
    "0": {
      "model_type": "simplecnn",
      "episodes": 3,
      "success_rate": 100.0,
      "avg_t_comp": 0.09621777382672057,
      "avg_t_comm": 0.03408751252852451,
      "avg_latency": 0.13030528635524508,
      "device_counts": {
        "2": 6,
        "0": 2,
        "4": 3,
        "1": 4
      },
      "fail_reasons": {}
    },
    "1": {
      "model_type": "deepcnn",
      "episodes": 3,
      "success_rate": 100.0,
      "avg_t_comp": 0.18234108241837824,
      "avg_t_comm": 0.040100574414761676,
      "avg_latency": 0.2224416568331399,
      "device_counts": {
        "2": 3,
        "4": 4,
        "1": 6,
        "3": 2
      },
      "fail_reasons": {}
    },
    "2": {
      "model_type": "miniresnet",
      "episodes": 3,
      "success_rate": 100.0,
      "avg_t_comp": 0.19840862739165613,
      "avg_t_comm": 0.05829411016976602,
      "avg_latency": 0.25670273756142215,
      "device_counts": {
        "2": 6,
        "4": 3,
        "1": 3,
        "3": 3
      },
      "fail_reasons": {}
    }
  },
  "team": {
    "success_rate": 100.0,
    "return_mean": -1.0157494679163452,
    "return_std": 0.021853785186541772,
    "episode_steps_mean": 5.0
  }
}