{
  "episodes": 5000,
  "seed": 42,
  "sl": 1.0,
  "scenario": "models_hugcnn_cnn15_simplecnn",
  "models": [
    "hugcnn",
    "cnn15",
    "simplecnn"
  ],
  "variant": "EnergyHard",
  "overall_success_rate": 0.0,
  "env_steps": 5000,
  "fail_episodes": 5000,
  "per_agent_summary": {
    "0": {
      "success_rate": 0.0,
      "avg_t_comp": 0.0,
      "avg_t_comm": 0.0,
      "device_counts": {
        "3": 27,
        "4": 23,
        "1": 13,
        "2": 17,
        "0": 20
      },
      "model_type": "hugcnn"
    },
    "1": {
      "success_rate": 97.0,
      "avg_t_comp": 0.027084485457639876,
      "avg_t_comm": 0.01674946387318981,
      "device_counts": {
        "1": 95,
        "2": 3,
        "3": 2
      },
      "model_type": "cnn15"
    },
    "2": {
      "success_rate": 98.0,
      "avg_t_comp": 0.09796914124553942,
      "avg_t_comm": 0.025793702320889976,
      "device_counts": {
        "3": 92,
        "1": 3,
        "2": 5
      },
      "model_type": "simplecnn"
    }
  },
  "avg_team_reward_sum_last_100": -525.1675967928975,
  "avg_team_reward_mean_step_last_100": -175.05586559763236,
  "avg_actor_loss_last_1000_updates": 167.69943560791015,
  "avg_critic_loss_last_1000_updates": 4354.063115722656,
  "avg_total_loss_last_1000_updates": 4521.762551330567
}